Amblyomma-americanum_evm.model.contig-114817-1.1	sp|O95633|FSTL3_HUMAN	0.7654743194580078
Amblyomma-americanum_evm.model.contig-114817-1.1	sp|O95980|RECK_HUMAN	0.8593616485595703
Amblyomma-americanum_evm.model.contig-114817-1.1	sp|P00738|HPT_HUMAN	0.8613378405570984
Amblyomma-americanum_evm.model.contig-114817-1.1	sp|P00747|PLMN_HUMAN	0.5217161774635315
Amblyomma-americanum_evm.model.contig-114817-1.1	sp|P01137|TGFB1_HUMAN	0.8835415840148926
Amblyomma-americanum_evm.model.contig-114817-1.1	sp|P03952|KLKB1_HUMAN	0.7770260572433472
Amblyomma-americanum_evm.model.contig-114817-1.1	sp|P03956|MMP1_HUMAN	0.5448879599571228
Amblyomma-americanum_evm.model.contig-114817-1.1	sp|P04637|P53_HUMAN	0.8183265328407288
Amblyomma-americanum_evm.model.contig-114817-1.1	sp|P06748|NPM_HUMAN	0.936479926109314
Amblyomma-americanum_evm.model.contig-114817-1.1	sp|P08254|MMP3_HUMAN	0.5391753911972046
Amblyomma-americanum_evm.model.contig-114817-1.1	sp|P08709|FA7_HUMAN	0.736770749092102
Amblyomma-americanum_evm.model.contig-114817-1.1	sp|P09238|MMP10_HUMAN	0.5043984651565552
Amblyomma-americanum_evm.model.contig-114817-1.1	sp|P12644|BMP4_HUMAN	0.9663441181182861
Amblyomma-americanum_evm.model.contig-114817-1.1	sp|P14210|HGF_HUMAN	0.8383603692054749
Amblyomma-americanum_evm.model.contig-114817-1.1	sp|P14384|CBPM_HUMAN	0.8592974543571472
Amblyomma-americanum_evm.model.contig-114817-1.1	sp|P19883|FST_HUMAN	0.8455652594566345
Amblyomma-americanum_evm.model.contig-114817-1.1	sp|P26927|HGFL_HUMAN	0.762999415397644
Amblyomma-americanum_evm.model.contig-114817-1.1	sp|P27487|DPP4_HUMAN	0.5002450942993164
Amblyomma-americanum_evm.model.contig-114817-1.1	sp|P29120|NEC1_HUMAN	0.8766738176345825
Amblyomma-americanum_evm.model.contig-114817-1.1	sp|P39900|MMP12_HUMAN	0.9624553918838501
Amblyomma-americanum_evm.model.contig-114817-1.1	sp|P45452|MMP13_HUMAN	0.539910078048706
Amblyomma-americanum_evm.model.contig-114817-1.1	sp|P78325|ADAM8_HUMAN	0.9631999731063843
Amblyomma-americanum_evm.model.contig-114817-1.1	sp|P98170|XIAP_HUMAN	0.916205108165741
Amblyomma-americanum_evm.model.contig-114817-1.1	sp|Q04206|TF65_HUMAN	0.7192334532737732
Amblyomma-americanum_evm.model.contig-114817-1.1	sp|Q12841|FSTL1_HUMAN	0.6468088030815125
Amblyomma-americanum_evm.model.contig-114817-1.1	sp|Q12933|TRAF2_HUMAN	0.8807476758956909
Amblyomma-americanum_evm.model.contig-114817-1.1	sp|Q13075|BIRC1_HUMAN	0.8438655734062195
Amblyomma-americanum_evm.model.contig-114817-1.1	sp|Q13114|TRAF3_HUMAN	0.9257003664970398
Amblyomma-americanum_evm.model.contig-114817-1.1	sp|Q13158|FADD_HUMAN	0.9611364603042603
Amblyomma-americanum_evm.model.contig-114817-1.1	sp|Q14653|IRF3_HUMAN	0.7451698780059814
Amblyomma-americanum_evm.model.contig-114817-1.1	sp|Q14703|MBTP1_HUMAN	0.6655153632164001
Amblyomma-americanum_evm.model.contig-114817-1.1	sp|Q8N8U9|BMPER_HUMAN	0.9018998146057129
Amblyomma-americanum_evm.model.contig-114817-1.1	sp|Q92824|PCSK5_HUMAN	0.6684101819992065
Amblyomma-americanum_evm.model.contig-114817-1.1	sp|Q92844|TANK_HUMAN	0.9292752146720886
Amblyomma-americanum_evm.model.contig-114817-1.1	sp|Q96KP4|CNDP2_HUMAN	0.8594135046005249
Amblyomma-americanum_evm.model.contig-114817-1.1	sp|Q9H324|ATS10_HUMAN	0.7594462037086487
Amblyomma-americanum_evm.model.contig-114817-1.1	sp|Q9H3U7|SMOC2_HUMAN	0.5867320895195007
Amblyomma-americanum_evm.model.contig-114817-1.1	sp|Q9UHD2|TBK1_HUMAN	0.5583179593086243
Amblyomma-americanum_evm.model.contig-114817-1.1	sp|Q9UKP5|ATS6_HUMAN	0.5889198184013367
Amblyomma-americanum_evm.model.contig-114817-1.1	sp|Q9UQ80|PA2G4_HUMAN	0.8590308427810669
Amblyomma-americanum_evm.model.contig-114817-1.1	sp|Q9Y6K9|NEMO_HUMAN	0.7944391965866089
Amblyomma-americanum_evm.model.contig-114817-1.1	sp|Q6ZWJ8|KCP_HUMAN	0.915919303894043
Amblyomma-americanum_evm.model.contig-114817-1.1	sp|Q96I82|KAZD1_HUMAN	0.7470635175704956
Amblyomma-americanum_evm.model.contig-114817-1.1	tr|A0A669KA35|A0A669KA35_HUMAN	0.62142014503479
Amblyomma-americanum_evm.model.contig-114817-1.1	tr|A6PVI2|A6PVI2_HUMAN	0.5595434308052063
Amblyomma-americanum_evm.model.contig-114817-1.1	tr|E7ESF4|E7ESF4_HUMAN	0.5039734244346619
Amblyomma-americanum_evm.model.contig-114817-1.1	tr|G3XAK1|G3XAK1_HUMAN	0.7175095081329346
Amblyomma-americanum_evm.model.contig-114817-1.1	sp|Q2TV78|MST1L_HUMAN	0.6838187575340271
Amblyomma-americanum_evm.model.contig-114817-1.1	tr|A0A087WVT8|A0A087WVT8_HUMAN	0.9421118497848511
Amblyomma-americanum_evm.model.contig-114817-1.1	tr|A0A087X208|A0A087X208_HUMAN	0.7841131091117859
Amblyomma-americanum_evm.model.contig-114817-1.1	tr|A0A494C0G5|A0A494C0G5_HUMAN	0.6947436332702637
Amblyomma-americanum_evm.model.contig-114817-1.1	tr|A0A494C1I6|A0A494C1I6_HUMAN	0.6929643750190735
Amblyomma-americanum_evm.model.contig-114817-1.1	tr|A0A6Q8PFN2|A0A6Q8PFN2_HUMAN	0.879917562007904
Amblyomma-americanum_evm.model.contig-114817-1.1	tr|A0A7I2V2X8|A0A7I2V2X8_HUMAN	0.5016328692436218
Amblyomma-americanum_evm.model.contig-114817-1.1	tr|A0A7P0TA52|A0A7P0TA52_HUMAN	0.5079489350318909
Amblyomma-americanum_evm.model.contig-114817-1.1	tr|A0A994J7K0|A0A994J7K0_HUMAN	0.8601329326629639
Amblyomma-americanum_evm.model.contig-114817-1.1	tr|E9PDL2|E9PDL2_HUMAN	0.8600738048553467
Amblyomma-americanum_evm.model.contig-114817-1.1	tr|E9PF59|E9PF59_HUMAN	0.8601222634315491
Amblyomma-americanum_evm.model.contig-114817-1.1	tr|Q5JSG7|Q5JSG7_HUMAN	0.617496132850647
Amblyomma-americanum_evm.model.contig-114817-1.1	tr|A0A0G2JM87|A0A0G2JM87_HUMAN	0.8736546039581299
Amblyomma-americanum_evm.model.contig-114817-1.1	tr|A0A2R8YGQ5|A0A2R8YGQ5_HUMAN	0.6490604877471924
Amblyomma-americanum_evm.model.contig-114817-1.1	tr|A0A3B3ISL7|A0A3B3ISL7_HUMAN	0.8282800316810608
Amblyomma-americanum_evm.model.contig-114817-1.1	tr|A0A3B3ITW7|A0A3B3ITW7_HUMAN	0.863444983959198
Amblyomma-americanum_evm.model.contig-114817-1.1	tr|A0A3B3ITY4|A0A3B3ITY4_HUMAN	0.8937954306602478
Amblyomma-americanum_evm.model.contig-114817-1.1	tr|A0A3B3ITZ8|A0A3B3ITZ8_HUMAN	0.863828718662262
Amblyomma-americanum_evm.model.contig-114817-1.1	tr|A0A3B3IUC5|A0A3B3IUC5_HUMAN	0.808150589466095
Amblyomma-americanum_evm.model.contig-114817-1.1	tr|A0A6Q8PGX3|A0A6Q8PGX3_HUMAN	0.8403539657592773
Amblyomma-americanum_evm.model.contig-114817-1.1	tr|C9JV37|C9JV37_HUMAN	0.7501709461212158
Amblyomma-americanum_evm.model.contig-114817-1.1	tr|E9PBC5|E9PBC5_HUMAN	0.5702031850814819
Amblyomma-americanum_evm.model.contig-114817-1.1	tr|H7BXL6|H7BXL6_HUMAN	0.8567531704902649
Amblyomma-americanum_evm.model.contig-114817-1.1	tr|M0R1F0|M0R1F0_HUMAN	0.8580624461174011
Amblyomma-americanum_evm.model.contig-128153-1.1	sp|O75385|ULK1_HUMAN	0.7309256196022034
Amblyomma-americanum_evm.model.contig-128153-1.1	sp|O95980|RECK_HUMAN	0.5187854766845703
Amblyomma-americanum_evm.model.contig-128153-1.1	sp|P00747|PLMN_HUMAN	0.5247601866722107
Amblyomma-americanum_evm.model.contig-128153-1.1	sp|P01137|TGFB1_HUMAN	0.7610276937484741
Amblyomma-americanum_evm.model.contig-128153-1.1	sp|P02671|FIBA_HUMAN	0.6423239707946777
Amblyomma-americanum_evm.model.contig-128153-1.1	sp|P03956|MMP1_HUMAN	0.5004750490188599
Amblyomma-americanum_evm.model.contig-128153-1.1	sp|P04637|P53_HUMAN	0.6031911969184875
Amblyomma-americanum_evm.model.contig-128153-1.1	sp|P08254|MMP3_HUMAN	0.8590856790542603
Amblyomma-americanum_evm.model.contig-128153-1.1	sp|P09238|MMP10_HUMAN	0.8590760827064514
Amblyomma-americanum_evm.model.contig-128153-1.1	sp|P12644|BMP4_HUMAN	0.9106985330581665
Amblyomma-americanum_evm.model.contig-128153-1.1	sp|P14210|HGF_HUMAN	0.793707549571991
Amblyomma-americanum_evm.model.contig-128153-1.1	sp|P19883|FST_HUMAN	0.67680424451828
Amblyomma-americanum_evm.model.contig-128153-1.1	sp|P22894|MMP8_HUMAN	0.8587235808372498
Amblyomma-americanum_evm.model.contig-128153-1.1	sp|P26927|HGFL_HUMAN	0.6836852431297302
Amblyomma-americanum_evm.model.contig-128153-1.1	sp|P42658|DPP6_HUMAN	0.8599972724914551
Amblyomma-americanum_evm.model.contig-128153-1.1	sp|Q04206|TF65_HUMAN	0.5308754444122314
Amblyomma-americanum_evm.model.contig-128153-1.1	sp|Q12933|TRAF2_HUMAN	0.9835134148597717
Amblyomma-americanum_evm.model.contig-128153-1.1	sp|Q13114|TRAF3_HUMAN	0.9237260818481445
Amblyomma-americanum_evm.model.contig-128153-1.1	sp|Q96KP4|CNDP2_HUMAN	0.8089679479598999
Amblyomma-americanum_evm.model.contig-128153-1.1	sp|Q9UQ80|PA2G4_HUMAN	0.8581924438476562
Amblyomma-americanum_evm.model.contig-128153-1.1	sp|Q9Y6K9|NEMO_HUMAN	0.6100205183029175
Amblyomma-americanum_evm.model.contig-128153-1.1	tr|A6PVI2|A6PVI2_HUMAN	0.6287195086479187
Amblyomma-americanum_evm.model.contig-128153-1.1	tr|E7END6|E7END6_HUMAN	0.6833555698394775
Amblyomma-americanum_evm.model.contig-128153-1.1	tr|G3XAK1|G3XAK1_HUMAN	0.6354119181632996
Amblyomma-americanum_evm.model.contig-128153-1.1	tr|A0A7P0T9S6|A0A7P0T9S6_HUMAN	0.7485330104827881
Amblyomma-americanum_evm.model.contig-128153-1.1	tr|A0A7P0TA52|A0A7P0TA52_HUMAN	0.8536701202392578
Amblyomma-americanum_evm.model.contig-128153-1.1	tr|A0A994J7K0|A0A994J7K0_HUMAN	0.8599140048027039
Amblyomma-americanum_evm.model.contig-128153-1.1	tr|E9PDL2|E9PDL2_HUMAN	0.8598712086677551
Amblyomma-americanum_evm.model.contig-128153-1.1	tr|E9PF59|E9PF59_HUMAN	0.8599123358726501
Amblyomma-americanum_evm.model.contig-128153-1.1	tr|A0A3B3IUC5|A0A3B3IUC5_HUMAN	0.5697920322418213
Amblyomma-americanum_evm.model.contig-128153-1.1	tr|H7BXL6|H7BXL6_HUMAN	0.5872270464897156
Amblyomma-americanum_evm.model.contig-195898-1.1	sp|A6NFA1|TIKI2_HUMAN	0.8751819133758545
Amblyomma-americanum_evm.model.contig-195898-1.1	sp|O95633|FSTL3_HUMAN	0.577534019947052
Amblyomma-americanum_evm.model.contig-195898-1.1	sp|O95980|RECK_HUMAN	0.8057782053947449
Amblyomma-americanum_evm.model.contig-195898-1.1	sp|P00734|THRB_HUMAN	0.6694421172142029
Amblyomma-americanum_evm.model.contig-195898-1.1	sp|P00738|HPT_HUMAN	0.7704247236251831
Amblyomma-americanum_evm.model.contig-195898-1.1	sp|P00747|PLMN_HUMAN	0.6200461387634277
Amblyomma-americanum_evm.model.contig-195898-1.1	sp|P01137|TGFB1_HUMAN	0.8564430475234985
Amblyomma-americanum_evm.model.contig-195898-1.1	sp|P01138|NGF_HUMAN	0.6657204627990723
Amblyomma-americanum_evm.model.contig-195898-1.1	sp|P01375|TNFA_HUMAN	0.669292151927948
Amblyomma-americanum_evm.model.contig-195898-1.1	sp|P03952|KLKB1_HUMAN	0.6105745434761047
Amblyomma-americanum_evm.model.contig-195898-1.1	sp|P03956|MMP1_HUMAN	0.9383921027183533
Amblyomma-americanum_evm.model.contig-195898-1.1	sp|P04637|P53_HUMAN	0.5633804202079773
Amblyomma-americanum_evm.model.contig-195898-1.1	sp|P08254|MMP3_HUMAN	0.8612031936645508
Amblyomma-americanum_evm.model.contig-195898-1.1	sp|P08709|FA7_HUMAN	0.5144030451774597
Amblyomma-americanum_evm.model.contig-195898-1.1	sp|P09238|MMP10_HUMAN	0.9129925966262817
Amblyomma-americanum_evm.model.contig-195898-1.1	sp|P0CW18|PRS56_HUMAN	0.9549083113670349
Amblyomma-americanum_evm.model.contig-195898-1.1	sp|P10619|PPGB_HUMAN	0.6844486594200134
Amblyomma-americanum_evm.model.contig-195898-1.1	sp|P12644|BMP4_HUMAN	0.9757667183876038
Amblyomma-americanum_evm.model.contig-195898-1.1	sp|P14210|HGF_HUMAN	0.880149781703949
Amblyomma-americanum_evm.model.contig-195898-1.1	sp|P14384|CBPM_HUMAN	0.7398104667663574
Amblyomma-americanum_evm.model.contig-195898-1.1	sp|P19883|FST_HUMAN	0.8639123439788818
Amblyomma-americanum_evm.model.contig-195898-1.1	sp|P22894|MMP8_HUMAN	0.5463570952415466
Amblyomma-americanum_evm.model.contig-195898-1.1	sp|P26927|HGFL_HUMAN	0.8111278414726257
Amblyomma-americanum_evm.model.contig-195898-1.1	sp|P29120|NEC1_HUMAN	0.6459051370620728
Amblyomma-americanum_evm.model.contig-195898-1.1	sp|P39900|MMP12_HUMAN	0.8593524098396301
Amblyomma-americanum_evm.model.contig-195898-1.1	sp|P45452|MMP13_HUMAN	0.8592523336410522
Amblyomma-americanum_evm.model.contig-195898-1.1	sp|P98170|XIAP_HUMAN	0.8308398723602295
Amblyomma-americanum_evm.model.contig-195898-1.1	sp|Q04206|TF65_HUMAN	0.9050901532173157
Amblyomma-americanum_evm.model.contig-195898-1.1	sp|Q12841|FSTL1_HUMAN	0.7880529761314392
Amblyomma-americanum_evm.model.contig-195898-1.1	sp|Q12933|TRAF2_HUMAN	0.9259286522865295
Amblyomma-americanum_evm.model.contig-195898-1.1	sp|Q13075|BIRC1_HUMAN	0.5403559803962708
Amblyomma-americanum_evm.model.contig-195898-1.1	sp|Q13114|TRAF3_HUMAN	0.9322071671485901
Amblyomma-americanum_evm.model.contig-195898-1.1	sp|Q13158|FADD_HUMAN	0.6561256647109985
Amblyomma-americanum_evm.model.contig-195898-1.1	sp|Q14653|IRF3_HUMAN	0.5907575488090515
Amblyomma-americanum_evm.model.contig-195898-1.1	sp|Q8IYR6|TEFF1_HUMAN	0.5448406934738159
Amblyomma-americanum_evm.model.contig-195898-1.1	sp|Q8N8U9|BMPER_HUMAN	0.8908197283744812
Amblyomma-americanum_evm.model.contig-195898-1.1	sp|Q92824|PCSK5_HUMAN	0.5889757871627808
Amblyomma-americanum_evm.model.contig-195898-1.1	sp|Q92844|TANK_HUMAN	0.8167069554328918
Amblyomma-americanum_evm.model.contig-195898-1.1	sp|Q96NZ8|WFKN1_HUMAN	0.6414391994476318
Amblyomma-americanum_evm.model.contig-195898-1.1	sp|Q99972|MYOC_HUMAN	0.7948237657546997
Amblyomma-americanum_evm.model.contig-195898-1.1	sp|Q9H324|ATS10_HUMAN	0.678446352481842
Amblyomma-americanum_evm.model.contig-195898-1.1	sp|Q9UKP5|ATS6_HUMAN	0.5618740916252136
Amblyomma-americanum_evm.model.contig-195898-1.1	sp|Q9Y6K9|NEMO_HUMAN	0.6187697052955627
Amblyomma-americanum_evm.model.contig-195898-1.1	sp|Q6UXH9|PAMR1_HUMAN	0.7621055245399475
Amblyomma-americanum_evm.model.contig-195898-1.1	sp|Q6ZWJ8|KCP_HUMAN	0.8847652673721313
Amblyomma-americanum_evm.model.contig-195898-1.1	tr|A0A669KA35|A0A669KA35_HUMAN	0.5710439085960388
Amblyomma-americanum_evm.model.contig-195898-1.1	tr|A6PVI2|A6PVI2_HUMAN	0.6265662312507629
Amblyomma-americanum_evm.model.contig-195898-1.1	sp|A8MV23|SERP3_HUMAN	0.5567161440849304
Amblyomma-americanum_evm.model.contig-195898-1.1	tr|E7ESF4|E7ESF4_HUMAN	0.5984787940979004
Amblyomma-americanum_evm.model.contig-195898-1.1	tr|E9PIT3|E9PIT3_HUMAN	0.6704967617988586
Amblyomma-americanum_evm.model.contig-195898-1.1	tr|G3XAK1|G3XAK1_HUMAN	0.7997792959213257
Amblyomma-americanum_evm.model.contig-195898-1.1	sp|Q2TV78|MST1L_HUMAN	0.7262623906135559
Amblyomma-americanum_evm.model.contig-195898-1.1	tr|A0A087WVT8|A0A087WVT8_HUMAN	0.8736773729324341
Amblyomma-americanum_evm.model.contig-195898-1.1	tr|A0A087X208|A0A087X208_HUMAN	0.7412433624267578
Amblyomma-americanum_evm.model.contig-195898-1.1	tr|A0A494C0G5|A0A494C0G5_HUMAN	0.7485640645027161
Amblyomma-americanum_evm.model.contig-195898-1.1	tr|A0A494C1I6|A0A494C1I6_HUMAN	0.7463077902793884
Amblyomma-americanum_evm.model.contig-195898-1.1	tr|A0A669KBG0|A0A669KBG0_HUMAN	0.6534631252288818
Amblyomma-americanum_evm.model.contig-195898-1.1	tr|A0A6Q8PFN2|A0A6Q8PFN2_HUMAN	0.8774433135986328
Amblyomma-americanum_evm.model.contig-195898-1.1	tr|A0A7I2V3B2|A0A7I2V3B2_HUMAN	0.6740480661392212
Amblyomma-americanum_evm.model.contig-195898-1.1	tr|A0A7I2V4D1|A0A7I2V4D1_HUMAN	0.5558371543884277
Amblyomma-americanum_evm.model.contig-195898-1.1	tr|A0A7I2V4K5|A0A7I2V4K5_HUMAN	0.6802250742912292
Amblyomma-americanum_evm.model.contig-195898-1.1	tr|A0A7I2YQT8|A0A7I2YQT8_HUMAN	0.6380583643913269
Amblyomma-americanum_evm.model.contig-195898-1.1	tr|A0A7P0T9S6|A0A7P0T9S6_HUMAN	0.9184103012084961
Amblyomma-americanum_evm.model.contig-195898-1.1	tr|A0A7P0TA52|A0A7P0TA52_HUMAN	0.962830662727356
Amblyomma-americanum_evm.model.contig-195898-1.1	tr|C9JMH6|C9JMH6_HUMAN	0.9101894497871399
Amblyomma-americanum_evm.model.contig-195898-1.1	tr|E9PJH8|E9PJH8_HUMAN	0.8069155216217041
Amblyomma-americanum_evm.model.contig-195898-1.1	tr|E9PPV6|E9PPV6_HUMAN	0.6361467838287354
Amblyomma-americanum_evm.model.contig-195898-1.1	tr|H0YA75|H0YA75_HUMAN	0.6231065392494202
Amblyomma-americanum_evm.model.contig-195898-1.1	tr|Q5JSG7|Q5JSG7_HUMAN	0.5033274292945862
Amblyomma-americanum_evm.model.contig-195898-1.1	tr|Q5JZH0|Q5JZH0_HUMAN	0.6367284059524536
Amblyomma-americanum_evm.model.contig-195898-1.1	tr|U3KQ41|U3KQ41_HUMAN	0.8545129895210266
Amblyomma-americanum_evm.model.contig-195898-1.1	tr|X6R8A1|X6R8A1_HUMAN	0.5312684774398804
Amblyomma-americanum_evm.model.contig-195898-1.1	tr|A0A0G2JM87|A0A0G2JM87_HUMAN	0.8818641304969788
Amblyomma-americanum_evm.model.contig-195898-1.1	tr|A0A0J9YY65|A0A0J9YY65_HUMAN	0.823432445526123
Amblyomma-americanum_evm.model.contig-195898-1.1	tr|A0A1W2PS40|A0A1W2PS40_HUMAN	0.641654908657074
Amblyomma-americanum_evm.model.contig-195898-1.1	tr|A0A2R8YGQ5|A0A2R8YGQ5_HUMAN	0.7818106412887573
Amblyomma-americanum_evm.model.contig-195898-1.1	tr|A0A3B3ISL7|A0A3B3ISL7_HUMAN	0.8386929035186768
Amblyomma-americanum_evm.model.contig-195898-1.1	tr|A0A3B3ITW7|A0A3B3ITW7_HUMAN	0.8524709939956665
Amblyomma-americanum_evm.model.contig-195898-1.1	tr|A0A3B3ITY4|A0A3B3ITY4_HUMAN	0.8777710795402527
Amblyomma-americanum_evm.model.contig-195898-1.1	tr|A0A3B3ITZ8|A0A3B3ITZ8_HUMAN	0.8714507818222046
Amblyomma-americanum_evm.model.contig-195898-1.1	tr|A0A3B3IUC5|A0A3B3IUC5_HUMAN	0.812753438949585
Amblyomma-americanum_evm.model.contig-195898-1.1	tr|A0A6Q8PGX3|A0A6Q8PGX3_HUMAN	0.8504794836044312
Amblyomma-americanum_evm.model.contig-195898-1.1	tr|C9JV37|C9JV37_HUMAN	0.7029948830604553
Amblyomma-americanum_evm.model.contig-195898-1.1	tr|E9PBC5|E9PBC5_HUMAN	0.6594300866127014
Amblyomma-americanum_evm.model.contig-195898-1.1	tr|F8WCQ4|F8WCQ4_HUMAN	0.6185406446456909
Amblyomma-americanum_evm.model.contig-195898-1.1	tr|G3V2M1|G3V2M1_HUMAN	0.9425696730613708
Amblyomma-americanum_evm.model.contig-195898-1.1	tr|H7BXL6|H7BXL6_HUMAN	0.8730552196502686
Amblyomma-americanum_evm.model.contig-234199-1.1	sp|O75385|ULK1_HUMAN	0.8496602177619934
Amblyomma-americanum_evm.model.contig-234199-1.1	sp|O95980|RECK_HUMAN	0.6289229393005371
Amblyomma-americanum_evm.model.contig-234199-1.1	sp|P00736|C1R_HUMAN	0.7352321743965149
Amblyomma-americanum_evm.model.contig-234199-1.1	sp|P00738|HPT_HUMAN	0.8576595783233643
Amblyomma-americanum_evm.model.contig-234199-1.1	sp|P01019|ANGT_HUMAN	0.5220279693603516
Amblyomma-americanum_evm.model.contig-234199-1.1	sp|P01137|TGFB1_HUMAN	0.7769853472709656
Amblyomma-americanum_evm.model.contig-234199-1.1	sp|P03956|MMP1_HUMAN	0.6694925427436829
Amblyomma-americanum_evm.model.contig-234199-1.1	sp|P04637|P53_HUMAN	0.7658244371414185
Amblyomma-americanum_evm.model.contig-234199-1.1	sp|P06681|CO2_HUMAN	0.6685072183609009
Amblyomma-americanum_evm.model.contig-234199-1.1	sp|P06748|NPM_HUMAN	0.5034658312797546
Amblyomma-americanum_evm.model.contig-234199-1.1	sp|P08254|MMP3_HUMAN	0.9314147233963013
Amblyomma-americanum_evm.model.contig-234199-1.1	sp|P08709|FA7_HUMAN	0.5671796202659607
Amblyomma-americanum_evm.model.contig-234199-1.1	sp|P09238|MMP10_HUMAN	0.8581365942955017
Amblyomma-americanum_evm.model.contig-234199-1.1	sp|P10619|PPGB_HUMAN	0.5228343605995178
Amblyomma-americanum_evm.model.contig-234199-1.1	sp|P12644|BMP4_HUMAN	0.931901752948761
Amblyomma-americanum_evm.model.contig-234199-1.1	sp|P14780|MMP9_HUMAN	0.7449448108673096
Amblyomma-americanum_evm.model.contig-234199-1.1	sp|P19883|FST_HUMAN	0.8986101150512695
Amblyomma-americanum_evm.model.contig-234199-1.1	sp|P27487|DPP4_HUMAN	0.859269380569458
Amblyomma-americanum_evm.model.contig-234199-1.1	sp|P30086|PEBP1_HUMAN	0.758610188961029
Amblyomma-americanum_evm.model.contig-234199-1.1	sp|P78325|ADAM8_HUMAN	0.9626479744911194
Amblyomma-americanum_evm.model.contig-234199-1.1	sp|P78536|ADA17_HUMAN	0.7709278464317322
Amblyomma-americanum_evm.model.contig-234199-1.1	sp|P98170|XIAP_HUMAN	0.9253061413764954
Amblyomma-americanum_evm.model.contig-234199-1.1	sp|Q02383|SEMG2_HUMAN	0.8573587536811829
Amblyomma-americanum_evm.model.contig-234199-1.1	sp|Q04206|TF65_HUMAN	0.874325156211853
Amblyomma-americanum_evm.model.contig-234199-1.1	sp|Q12933|TRAF2_HUMAN	0.9873552918434143
Amblyomma-americanum_evm.model.contig-234199-1.1	sp|Q13075|BIRC1_HUMAN	0.7790188789367676
Amblyomma-americanum_evm.model.contig-234199-1.1	sp|Q13114|TRAF3_HUMAN	0.9799665808677673
Amblyomma-americanum_evm.model.contig-234199-1.1	sp|Q13158|FADD_HUMAN	0.9699828028678894
Amblyomma-americanum_evm.model.contig-234199-1.1	sp|Q13501|SQSTM_HUMAN	0.9590131640434265
Amblyomma-americanum_evm.model.contig-234199-1.1	sp|Q14653|IRF3_HUMAN	0.709597647190094
Amblyomma-americanum_evm.model.contig-234199-1.1	sp|Q86WD7|SPA9_HUMAN	0.6601136922836304
Amblyomma-americanum_evm.model.contig-234199-1.1	sp|Q8N8U9|BMPER_HUMAN	0.7583056092262268
Amblyomma-americanum_evm.model.contig-234199-1.1	sp|Q92844|TANK_HUMAN	0.8571901917457581
Amblyomma-americanum_evm.model.contig-234199-1.1	sp|Q96KP4|CNDP2_HUMAN	0.8567008972167969
Amblyomma-americanum_evm.model.contig-234199-1.1	sp|Q96NZ8|WFKN1_HUMAN	0.7978928089141846
Amblyomma-americanum_evm.model.contig-234199-1.1	sp|Q9UQ80|PA2G4_HUMAN	0.8574867844581604
Amblyomma-americanum_evm.model.contig-234199-1.1	sp|Q6ZWJ8|KCP_HUMAN	0.9260391592979431
Amblyomma-americanum_evm.model.contig-234199-1.1	sp|Q96I82|KAZD1_HUMAN	0.9035435914993286
Amblyomma-americanum_evm.model.contig-234199-1.1	sp|Q9H3G5|CPVL_HUMAN	0.5504262447357178
Amblyomma-americanum_evm.model.contig-234199-1.1	tr|A0A0G2JL69|A0A0G2JL69_HUMAN	0.5985487699508667
Amblyomma-americanum_evm.model.contig-234199-1.1	tr|A0A3B3ISR2|A0A3B3ISR2_HUMAN	0.7367270588874817
Amblyomma-americanum_evm.model.contig-234199-1.1	tr|A0A8Q3WKM6|A0A8Q3WKM6_HUMAN	0.6719024181365967
Amblyomma-americanum_evm.model.contig-234199-1.1	tr|A0A8Q3WL70|A0A8Q3WL70_HUMAN	0.8243756890296936
Amblyomma-americanum_evm.model.contig-234199-1.1	tr|B4DN26|B4DN26_HUMAN	0.5318103432655334
Amblyomma-americanum_evm.model.contig-234199-1.1	tr|G3XAK1|G3XAK1_HUMAN	0.5794394016265869
Amblyomma-americanum_evm.model.contig-234199-1.1	tr|H0Y3H6|H0Y3H6_HUMAN	0.8577798008918762
Amblyomma-americanum_evm.model.contig-234199-1.1	tr|A0A087WUD9|A0A087WUD9_HUMAN	0.6566680073738098
Amblyomma-americanum_evm.model.contig-234199-1.1	tr|A0A087WVT8|A0A087WVT8_HUMAN	0.9377191066741943
Amblyomma-americanum_evm.model.contig-234199-1.1	tr|A0A087X208|A0A087X208_HUMAN	0.8110929727554321
Amblyomma-americanum_evm.model.contig-234199-1.1	tr|A0A2R8YD12|A0A2R8YD12_HUMAN	0.7000724077224731
Amblyomma-americanum_evm.model.contig-234199-1.1	tr|A0A494C0G5|A0A494C0G5_HUMAN	0.8744680285453796
Amblyomma-americanum_evm.model.contig-234199-1.1	tr|A0A494C1I6|A0A494C1I6_HUMAN	0.8760508894920349
Amblyomma-americanum_evm.model.contig-234199-1.1	tr|A0A6Q8PFN2|A0A6Q8PFN2_HUMAN	0.7835089564323425
Amblyomma-americanum_evm.model.contig-234199-1.1	tr|A0A7I2V2D2|A0A7I2V2D2_HUMAN	0.5484538078308105
Amblyomma-americanum_evm.model.contig-234199-1.1	tr|A0A7I2V2E2|A0A7I2V2E2_HUMAN	0.85516357421875
Amblyomma-americanum_evm.model.contig-234199-1.1	tr|A0A7I2V2R5|A0A7I2V2R5_HUMAN	0.85919588804245
Amblyomma-americanum_evm.model.contig-234199-1.1	tr|A0A7I2V2X8|A0A7I2V2X8_HUMAN	0.8592320084571838
Amblyomma-americanum_evm.model.contig-234199-1.1	tr|A0A7I2V3B2|A0A7I2V3B2_HUMAN	0.5064764022827148
Amblyomma-americanum_evm.model.contig-234199-1.1	tr|A0A7I2V3M2|A0A7I2V3M2_HUMAN	0.5038952827453613
Amblyomma-americanum_evm.model.contig-234199-1.1	tr|A0A7I2V4K5|A0A7I2V4K5_HUMAN	0.5208789706230164
Amblyomma-americanum_evm.model.contig-234199-1.1	tr|A0A7I2V4Q9|A0A7I2V4Q9_HUMAN	0.854404628276825
Amblyomma-americanum_evm.model.contig-234199-1.1	tr|A0A7I2V4R8|A0A7I2V4R8_HUMAN	0.855579674243927
Amblyomma-americanum_evm.model.contig-234199-1.1	tr|A0A7I2YQT8|A0A7I2YQT8_HUMAN	0.5038489103317261
Amblyomma-americanum_evm.model.contig-234199-1.1	tr|A0A7P0T8D1|A0A7P0T8D1_HUMAN	0.5220279693603516
Amblyomma-americanum_evm.model.contig-234199-1.1	tr|A0A994J7K0|A0A994J7K0_HUMAN	0.8593851327896118
Amblyomma-americanum_evm.model.contig-234199-1.1	tr|B4DNJ1|B4DNJ1_HUMAN	0.5538472533226013
Amblyomma-americanum_evm.model.contig-234199-1.1	tr|E9PDL2|E9PDL2_HUMAN	0.8592810034751892
Amblyomma-americanum_evm.model.contig-234199-1.1	tr|E9PF59|E9PF59_HUMAN	0.859365701675415
Amblyomma-americanum_evm.model.contig-234199-1.1	tr|Q5JZH0|Q5JZH0_HUMAN	0.599221408367157
Amblyomma-americanum_evm.model.contig-234199-1.1	tr|X6R8A1|X6R8A1_HUMAN	0.515092670917511
Amblyomma-americanum_evm.model.contig-234199-1.1	tr|A0A0G2JM87|A0A0G2JM87_HUMAN	0.707718551158905
Amblyomma-americanum_evm.model.contig-234199-1.1	tr|A0A3B3ISL7|A0A3B3ISL7_HUMAN	0.8011664152145386
Amblyomma-americanum_evm.model.contig-234199-1.1	tr|A0A3B3ITW7|A0A3B3ITW7_HUMAN	0.7453197240829468
Amblyomma-americanum_evm.model.contig-234199-1.1	tr|A0A3B3ITY4|A0A3B3ITY4_HUMAN	0.7691144347190857
Amblyomma-americanum_evm.model.contig-234199-1.1	tr|A0A3B3ITZ8|A0A3B3ITZ8_HUMAN	0.7719787955284119
Amblyomma-americanum_evm.model.contig-234199-1.1	tr|A0A3B3IUC5|A0A3B3IUC5_HUMAN	0.552932620048523
Amblyomma-americanum_evm.model.contig-234199-1.1	tr|A0A6Q8PGX3|A0A6Q8PGX3_HUMAN	0.6210901141166687
Amblyomma-americanum_evm.model.contig-234199-1.1	tr|H7BXL6|H7BXL6_HUMAN	0.8444657921791077
Amblyomma-americanum_evm.model.contig-234199-1.1	tr|M0R1F0|M0R1F0_HUMAN	0.8522861003875732
Amblyomma-americanum_evm.model.contig-240510-1.2	sp|O60911|CATL2_HUMAN	0.8584188222885132
Amblyomma-americanum_evm.model.contig-240510-1.2	sp|O75385|ULK1_HUMAN	0.8587996959686279
Amblyomma-americanum_evm.model.contig-240510-1.2	sp|O95980|RECK_HUMAN	0.6025696396827698
Amblyomma-americanum_evm.model.contig-240510-1.2	sp|P00736|C1R_HUMAN	0.6202520132064819
Amblyomma-americanum_evm.model.contig-240510-1.2	sp|P01375|TNFA_HUMAN	0.6393452286720276
Amblyomma-americanum_evm.model.contig-240510-1.2	sp|P04637|P53_HUMAN	0.7005338072776794
Amblyomma-americanum_evm.model.contig-240510-1.2	sp|P12644|BMP4_HUMAN	0.9305983185768127
Amblyomma-americanum_evm.model.contig-240510-1.2	sp|P14384|CBPM_HUMAN	0.8590863347053528
Amblyomma-americanum_evm.model.contig-240510-1.2	sp|P19883|FST_HUMAN	0.6972514986991882
Amblyomma-americanum_evm.model.contig-240510-1.2	sp|P27487|DPP4_HUMAN	0.8830562829971313
Amblyomma-americanum_evm.model.contig-240510-1.2	sp|P43235|CATK_HUMAN	0.7616785168647766
Amblyomma-americanum_evm.model.contig-240510-1.2	sp|Q02383|SEMG2_HUMAN	0.8595582842826843
Amblyomma-americanum_evm.model.contig-240510-1.2	sp|Q04206|TF65_HUMAN	0.7351919412612915
Amblyomma-americanum_evm.model.contig-240510-1.2	sp|Q12933|TRAF2_HUMAN	0.7657724618911743
Amblyomma-americanum_evm.model.contig-240510-1.2	sp|Q13114|TRAF3_HUMAN	0.890507161617279
Amblyomma-americanum_evm.model.contig-240510-1.2	sp|Q13158|FADD_HUMAN	0.8321738839149475
Amblyomma-americanum_evm.model.contig-240510-1.2	sp|Q14653|IRF3_HUMAN	0.5252981185913086
Amblyomma-americanum_evm.model.contig-240510-1.2	sp|Q14703|MBTP1_HUMAN	0.5304352045059204
Amblyomma-americanum_evm.model.contig-240510-1.2	sp|Q8N8U9|BMPER_HUMAN	0.8165685534477234
Amblyomma-americanum_evm.model.contig-240510-1.2	sp|Q92844|TANK_HUMAN	0.521687388420105
Amblyomma-americanum_evm.model.contig-240510-1.2	sp|Q96KP4|CNDP2_HUMAN	0.8592104911804199
Amblyomma-americanum_evm.model.contig-240510-1.2	sp|Q9UQ80|PA2G4_HUMAN	0.8587784767150879
Amblyomma-americanum_evm.model.contig-240510-1.2	sp|Q9Y337|KLK5_HUMAN	0.8580232858657837
Amblyomma-americanum_evm.model.contig-240510-1.2	sp|Q6ZWJ8|KCP_HUMAN	0.7730165719985962
Amblyomma-americanum_evm.model.contig-240510-1.2	sp|Q8N475|FSTL5_HUMAN	0.5502713322639465
Amblyomma-americanum_evm.model.contig-240510-1.2	tr|A0A0G2JIE7|A0A0G2JIE7_HUMAN	0.5527228713035583
Amblyomma-americanum_evm.model.contig-240510-1.2	tr|A0A3B3ISR2|A0A3B3ISR2_HUMAN	0.6217713952064514
Amblyomma-americanum_evm.model.contig-240510-1.2	tr|F5H2D0|F5H2D0_HUMAN	0.6520040035247803
Amblyomma-americanum_evm.model.contig-240510-1.2	tr|A0A087WVT8|A0A087WVT8_HUMAN	0.8230862617492676
Amblyomma-americanum_evm.model.contig-240510-1.2	tr|A0A087X208|A0A087X208_HUMAN	0.5459064841270447
Amblyomma-americanum_evm.model.contig-240510-1.2	tr|A0A6Q8PFN2|A0A6Q8PFN2_HUMAN	0.8338064551353455
Amblyomma-americanum_evm.model.contig-240510-1.2	tr|A0A7I2V2R5|A0A7I2V2R5_HUMAN	0.8706894516944885
Amblyomma-americanum_evm.model.contig-240510-1.2	tr|A0A7I2V2X8|A0A7I2V2X8_HUMAN	0.9051536917686462
Amblyomma-americanum_evm.model.contig-240510-1.2	tr|A0A7P0T9S6|A0A7P0T9S6_HUMAN	0.8586230278015137
Amblyomma-americanum_evm.model.contig-240510-1.2	tr|A0A7P0TA52|A0A7P0TA52_HUMAN	0.8589515089988708
Amblyomma-americanum_evm.model.contig-240510-1.2	tr|A0A994J7K0|A0A994J7K0_HUMAN	0.8600139021873474
Amblyomma-americanum_evm.model.contig-240510-1.2	tr|E9PDL2|E9PDL2_HUMAN	0.859946608543396
Amblyomma-americanum_evm.model.contig-240510-1.2	tr|E9PF59|E9PF59_HUMAN	0.8600014448165894
Amblyomma-americanum_evm.model.contig-240510-1.2	tr|A0A0G2JM87|A0A0G2JM87_HUMAN	0.6920973658561707
Amblyomma-americanum_evm.model.contig-240510-1.2	tr|A0A3B3ISL7|A0A3B3ISL7_HUMAN	0.6653119325637817
Amblyomma-americanum_evm.model.contig-240510-1.2	tr|A0A3B3ITW7|A0A3B3ITW7_HUMAN	0.7673980593681335
Amblyomma-americanum_evm.model.contig-240510-1.2	tr|A0A3B3ITY4|A0A3B3ITY4_HUMAN	0.809977114200592
Amblyomma-americanum_evm.model.contig-240510-1.2	tr|A0A3B3ITZ8|A0A3B3ITZ8_HUMAN	0.6705938577651978
Amblyomma-americanum_evm.model.contig-240510-1.2	tr|A0A6Q8PGX3|A0A6Q8PGX3_HUMAN	0.6062182188034058
Amblyomma-americanum_evm.model.contig-240510-1.2	tr|H7BXL6|H7BXL6_HUMAN	0.7984625697135925
Amblyomma-americanum_evm.model.contig-240510-1.2	tr|M0R1F0|M0R1F0_HUMAN	0.8577023148536682
Amblyomma-americanum_evm.model.contig-30844-1.1	sp|P10415|BCL2_HUMAN	0.703381359577179
Amblyomma-americanum_evm.model.contig-30844-1.1	sp|Q8IXL6|FA20C_HUMAN	0.5197159647941589
Amblyomma-americanum_evm.model.contig-30844-1.1	sp|Q96KP4|CNDP2_HUMAN	0.6064359545707703
Amblyomma-americanum_evm.model.contig-30844-1.1	tr|A0A994J7K0|A0A994J7K0_HUMAN	0.8597739338874817
Amblyomma-americanum_evm.model.contig-30844-1.1	tr|E9PDL2|E9PDL2_HUMAN	0.8598576784133911
Amblyomma-americanum_evm.model.contig-30844-1.1	tr|E9PF59|E9PF59_HUMAN	0.8598215579986572
Amblyomma-americanum_evm.model.contig-30844-1.1	tr|E7ENM6|E7ENM6_HUMAN	0.6668000817298889
Amblyomma-americanum_evm.model.contig-30987-1.8	sp|O95980|RECK_HUMAN	0.6511572003364563
Amblyomma-americanum_evm.model.contig-30987-1.8	sp|P01019|ANGT_HUMAN	0.531103789806366
Amblyomma-americanum_evm.model.contig-30987-1.8	sp|P01137|TGFB1_HUMAN	0.6785574555397034
Amblyomma-americanum_evm.model.contig-30987-1.8	sp|P04156|PRIO_HUMAN	0.7735268473625183
Amblyomma-americanum_evm.model.contig-30987-1.8	sp|P04637|P53_HUMAN	0.8191667795181274
Amblyomma-americanum_evm.model.contig-30987-1.8	sp|P06748|NPM_HUMAN	0.8069307208061218
Amblyomma-americanum_evm.model.contig-30987-1.8	sp|P0CW18|PRS56_HUMAN	0.9634431600570679
Amblyomma-americanum_evm.model.contig-30987-1.8	sp|P10415|BCL2_HUMAN	0.8783469796180725
Amblyomma-americanum_evm.model.contig-30987-1.8	sp|P12644|BMP4_HUMAN	0.8865386843681335
Amblyomma-americanum_evm.model.contig-30987-1.8	sp|P14210|HGF_HUMAN	0.6466975808143616
Amblyomma-americanum_evm.model.contig-30987-1.8	sp|P30086|PEBP1_HUMAN	0.6261396408081055
Amblyomma-americanum_evm.model.contig-30987-1.8	sp|P56962|STX17_HUMAN	0.6821147799491882
Amblyomma-americanum_evm.model.contig-30987-1.8	sp|P98170|XIAP_HUMAN	0.5915120840072632
Amblyomma-americanum_evm.model.contig-30987-1.8	sp|Q04206|TF65_HUMAN	0.5771345496177673
Amblyomma-americanum_evm.model.contig-30987-1.8	sp|Q12933|TRAF2_HUMAN	0.8766815662384033
Amblyomma-americanum_evm.model.contig-30987-1.8	sp|Q13114|TRAF3_HUMAN	0.6328980326652527
Amblyomma-americanum_evm.model.contig-30987-1.8	sp|Q13158|FADD_HUMAN	0.7564224600791931
Amblyomma-americanum_evm.model.contig-30987-1.8	sp|Q8N8U9|BMPER_HUMAN	0.6293648481369019
Amblyomma-americanum_evm.model.contig-30987-1.8	sp|Q9Y6K9|NEMO_HUMAN	0.6082249283790588
Amblyomma-americanum_evm.model.contig-30987-1.8	sp|Q6ZWJ8|KCP_HUMAN	0.6952525973320007
Amblyomma-americanum_evm.model.contig-30987-1.8	sp|Q9NQE7|TSSP_HUMAN	0.938210666179657
Amblyomma-americanum_evm.model.contig-30987-1.8	sp|A8MV23|SERP3_HUMAN	0.8438112139701843
Amblyomma-americanum_evm.model.contig-30987-1.8	tr|A0A087WVT8|A0A087WVT8_HUMAN	0.700693666934967
Amblyomma-americanum_evm.model.contig-30987-1.8	tr|A0A6Q8PFN2|A0A6Q8PFN2_HUMAN	0.6200013756752014
Amblyomma-americanum_evm.model.contig-30987-1.8	tr|A0A7P0T8D1|A0A7P0T8D1_HUMAN	0.531103789806366
Amblyomma-americanum_evm.model.contig-30987-1.8	tr|A0A7P0T9S6|A0A7P0T9S6_HUMAN	0.8193778991699219
Amblyomma-americanum_evm.model.contig-30987-1.8	tr|A0A7P0TA52|A0A7P0TA52_HUMAN	0.882638156414032
Amblyomma-americanum_evm.model.contig-30987-1.8	tr|A0A7P0TBH1|A0A7P0TBH1_HUMAN	0.6519277095794678
Amblyomma-americanum_evm.model.contig-30987-1.8	tr|C9JMH6|C9JMH6_HUMAN	0.6842965483665466
Amblyomma-americanum_evm.model.contig-30987-1.8	tr|I3L4Z3|I3L4Z3_HUMAN	0.6258360147476196
Amblyomma-americanum_evm.model.contig-30987-1.8	tr|U3KQ41|U3KQ41_HUMAN	0.7405367493629456
Amblyomma-americanum_evm.model.contig-30987-1.8	tr|A0A0G2JM87|A0A0G2JM87_HUMAN	0.5797595977783203
Amblyomma-americanum_evm.model.contig-30987-1.8	tr|A0A0J9YY65|A0A0J9YY65_HUMAN	0.5483410954475403
Amblyomma-americanum_evm.model.contig-30987-1.8	tr|A0A1W2PS40|A0A1W2PS40_HUMAN	0.5908883810043335
Amblyomma-americanum_evm.model.contig-30987-1.8	tr|A0A3B3ITW7|A0A3B3ITW7_HUMAN	0.5031583905220032
Amblyomma-americanum_evm.model.contig-30987-1.8	tr|A0A3B3ITY4|A0A3B3ITY4_HUMAN	0.5482333302497864
Amblyomma-americanum_evm.model.contig-30987-1.8	tr|A0A3B3ITZ8|A0A3B3ITZ8_HUMAN	0.610913097858429
Amblyomma-americanum_evm.model.contig-30987-1.8	tr|A0A6Q8PGX3|A0A6Q8PGX3_HUMAN	0.5921270251274109
Amblyomma-americanum_evm.model.contig-30987-1.8	tr|F8WCQ4|F8WCQ4_HUMAN	0.5384737253189087
Amblyomma-americanum_evm.model.contig-30987-1.8	tr|H7BXL6|H7BXL6_HUMAN	0.730137825012207
Amblyomma-americanum_evm.model.contig-48378-1.17	sp|O95980|RECK_HUMAN	0.7282310128211975
Amblyomma-americanum_evm.model.contig-48378-1.17	sp|P01137|TGFB1_HUMAN	0.7650370001792908
Amblyomma-americanum_evm.model.contig-48378-1.17	sp|P08254|MMP3_HUMAN	0.8597803115844727
Amblyomma-americanum_evm.model.contig-48378-1.17	sp|P09238|MMP10_HUMAN	0.8597678542137146
Amblyomma-americanum_evm.model.contig-48378-1.17	sp|P0DP23|CALM1_HUMAN	0.5825827717781067
Amblyomma-americanum_evm.model.contig-48378-1.17	sp|P0DP24|CALM2_HUMAN	0.5825827717781067
Amblyomma-americanum_evm.model.contig-48378-1.17	sp|P0DP25|CALM3_HUMAN	0.5825827717781067
Amblyomma-americanum_evm.model.contig-48378-1.17	sp|P12644|BMP4_HUMAN	0.9557104706764221
Amblyomma-americanum_evm.model.contig-48378-1.17	sp|P14210|HGF_HUMAN	0.760382890701294
Amblyomma-americanum_evm.model.contig-48378-1.17	sp|P22894|MMP8_HUMAN	0.8593363761901855
Amblyomma-americanum_evm.model.contig-48378-1.17	sp|Q04206|TF65_HUMAN	0.6105051636695862
Amblyomma-americanum_evm.model.contig-48378-1.17	sp|Q12933|TRAF2_HUMAN	0.5645202994346619
Amblyomma-americanum_evm.model.contig-48378-1.17	sp|Q13114|TRAF3_HUMAN	0.9055138826370239
Amblyomma-americanum_evm.model.contig-48378-1.17	sp|Q8N8U9|BMPER_HUMAN	0.5006489753723145
Amblyomma-americanum_evm.model.contig-48378-1.17	sp|Q9ULZ3|ASC_HUMAN	0.7635840177536011
Amblyomma-americanum_evm.model.contig-48378-1.17	sp|Q8N3Z0|PRS35_HUMAN	0.6856819987297058
Amblyomma-americanum_evm.model.contig-48378-1.17	tr|A0A6Q8PFN2|A0A6Q8PFN2_HUMAN	0.5178048014640808
Amblyomma-americanum_evm.model.contig-48378-1.17	tr|A0A7P0TA52|A0A7P0TA52_HUMAN	0.754854142665863
Amblyomma-americanum_evm.model.contig-48378-1.17	tr|A0A0G2JM87|A0A0G2JM87_HUMAN	0.5046626329421997
Amblyomma-americanum_evm.model.contig-48378-1.17	tr|A0A3B3ITW7|A0A3B3ITW7_HUMAN	0.5134716629981995
Amblyomma-americanum_evm.model.contig-48378-1.17	tr|A0A6Q8PGX3|A0A6Q8PGX3_HUMAN	0.500425398349762
Amblyomma-americanum_evm.model.contig-48378-1.17	tr|C9JV37|C9JV37_HUMAN	0.549461305141449
Amblyomma-americanum_evm.model.contig-48378-1.17	tr|H7BXL6|H7BXL6_HUMAN	0.6496583223342896
Amblyomma-americanum_evm.model.contig-76089-1.2	sp|O95980|RECK_HUMAN	0.5988351106643677
Amblyomma-americanum_evm.model.contig-76089-1.2	sp|P00738|HPT_HUMAN	0.5447691679000854
Amblyomma-americanum_evm.model.contig-76089-1.2	sp|P01137|TGFB1_HUMAN	0.7553167343139648
Amblyomma-americanum_evm.model.contig-76089-1.2	sp|P04637|P53_HUMAN	0.6783738732337952
Amblyomma-americanum_evm.model.contig-76089-1.2	sp|P08254|MMP3_HUMAN	0.8583470582962036
Amblyomma-americanum_evm.model.contig-76089-1.2	sp|P09238|MMP10_HUMAN	0.8580281138420105
Amblyomma-americanum_evm.model.contig-76089-1.2	sp|P10415|BCL2_HUMAN	0.6950538754463196
Amblyomma-americanum_evm.model.contig-76089-1.2	sp|P10619|PPGB_HUMAN	0.8584474921226501
Amblyomma-americanum_evm.model.contig-76089-1.2	sp|P12644|BMP4_HUMAN	0.9573981761932373
Amblyomma-americanum_evm.model.contig-76089-1.2	sp|P14210|HGF_HUMAN	0.5878065824508667
Amblyomma-americanum_evm.model.contig-76089-1.2	sp|P22894|MMP8_HUMAN	0.8473647832870483
Amblyomma-americanum_evm.model.contig-76089-1.2	sp|P27487|DPP4_HUMAN	0.5021974444389343
Amblyomma-americanum_evm.model.contig-76089-1.2	sp|P29622|KAIN_HUMAN	0.8580737709999084
Amblyomma-americanum_evm.model.contig-76089-1.2	sp|P98170|XIAP_HUMAN	0.8451856374740601
Amblyomma-americanum_evm.model.contig-76089-1.2	sp|Q02383|SEMG2_HUMAN	0.8558412194252014
Amblyomma-americanum_evm.model.contig-76089-1.2	sp|Q04206|TF65_HUMAN	0.828524112701416
Amblyomma-americanum_evm.model.contig-76089-1.2	sp|Q12933|TRAF2_HUMAN	0.811600923538208
Amblyomma-americanum_evm.model.contig-76089-1.2	sp|Q13075|BIRC1_HUMAN	0.9188979268074036
Amblyomma-americanum_evm.model.contig-76089-1.2	sp|Q13114|TRAF3_HUMAN	0.9458057880401611
Amblyomma-americanum_evm.model.contig-76089-1.2	sp|Q13158|FADD_HUMAN	0.6791910529136658
Amblyomma-americanum_evm.model.contig-76089-1.2	sp|Q14653|IRF3_HUMAN	0.8557140231132507
Amblyomma-americanum_evm.model.contig-76089-1.2	sp|Q16270|IBP7_HUMAN	0.5589735507965088
Amblyomma-americanum_evm.model.contig-76089-1.2	sp|Q86TH1|ATL2_HUMAN	0.6437872648239136
Amblyomma-americanum_evm.model.contig-76089-1.2	sp|Q8N8U9|BMPER_HUMAN	0.7101525664329529
Amblyomma-americanum_evm.model.contig-76089-1.2	sp|Q92844|TANK_HUMAN	0.8249432444572449
Amblyomma-americanum_evm.model.contig-76089-1.2	sp|Q96KP4|CNDP2_HUMAN	0.8583625555038452
Amblyomma-americanum_evm.model.contig-76089-1.2	sp|Q96NZ8|WFKN1_HUMAN	0.692783534526825
Amblyomma-americanum_evm.model.contig-76089-1.2	sp|Q9UQ80|PA2G4_HUMAN	0.8577691316604614
Amblyomma-americanum_evm.model.contig-76089-1.2	sp|Q6ZWJ8|KCP_HUMAN	0.782776951789856
Amblyomma-americanum_evm.model.contig-76089-1.2	sp|Q96I82|KAZD1_HUMAN	0.6768666505813599
Amblyomma-americanum_evm.model.contig-76089-1.2	tr|A0A087WVT8|A0A087WVT8_HUMAN	0.758269190788269
Amblyomma-americanum_evm.model.contig-76089-1.2	tr|A0A669KBG0|A0A669KBG0_HUMAN	0.5471281409263611
Amblyomma-americanum_evm.model.contig-76089-1.2	tr|A0A6Q8PFN2|A0A6Q8PFN2_HUMAN	0.7522756457328796
Amblyomma-americanum_evm.model.contig-76089-1.2	tr|A0A7I2V2E2|A0A7I2V2E2_HUMAN	0.8556848764419556
Amblyomma-americanum_evm.model.contig-76089-1.2	tr|A0A7I2V2R5|A0A7I2V2R5_HUMAN	0.5014016628265381
Amblyomma-americanum_evm.model.contig-76089-1.2	tr|A0A7I2V2X8|A0A7I2V2X8_HUMAN	0.5042220950126648
Amblyomma-americanum_evm.model.contig-76089-1.2	tr|A0A7I2V3B2|A0A7I2V3B2_HUMAN	0.8578206896781921
Amblyomma-americanum_evm.model.contig-76089-1.2	tr|A0A7I2V3M2|A0A7I2V3M2_HUMAN	0.8547138571739197
Amblyomma-americanum_evm.model.contig-76089-1.2	tr|A0A7I2V4D1|A0A7I2V4D1_HUMAN	0.8575741052627563
Amblyomma-americanum_evm.model.contig-76089-1.2	tr|A0A7I2V4K5|A0A7I2V4K5_HUMAN	0.8582271337509155
Amblyomma-americanum_evm.model.contig-76089-1.2	tr|A0A7I2V4Q9|A0A7I2V4Q9_HUMAN	0.8549751043319702
Amblyomma-americanum_evm.model.contig-76089-1.2	tr|A0A7I2V4R8|A0A7I2V4R8_HUMAN	0.8560618162155151
Amblyomma-americanum_evm.model.contig-76089-1.2	tr|A0A7I2YQT8|A0A7I2YQT8_HUMAN	0.8576599359512329
Amblyomma-americanum_evm.model.contig-76089-1.2	tr|A0A7P0T9S6|A0A7P0T9S6_HUMAN	0.7946498394012451
Amblyomma-americanum_evm.model.contig-76089-1.2	tr|A0A7P0TA52|A0A7P0TA52_HUMAN	0.8436778783798218
Amblyomma-americanum_evm.model.contig-76089-1.2	tr|A0A994J7K0|A0A994J7K0_HUMAN	0.8595348596572876
Amblyomma-americanum_evm.model.contig-76089-1.2	tr|E7EQB2|E7EQB2_HUMAN	0.8121726512908936
Amblyomma-americanum_evm.model.contig-76089-1.2	tr|E9PDL2|E9PDL2_HUMAN	0.8594420552253723
Amblyomma-americanum_evm.model.contig-76089-1.2	tr|E9PF59|E9PF59_HUMAN	0.8595178723335266
Amblyomma-americanum_evm.model.contig-76089-1.2	tr|Q5JZH0|Q5JZH0_HUMAN	0.8578190207481384
Amblyomma-americanum_evm.model.contig-76089-1.2	tr|U3KQU6|U3KQU6_HUMAN	0.8554745316505432
Amblyomma-americanum_evm.model.contig-76089-1.2	tr|X6R8A1|X6R8A1_HUMAN	0.8585447669029236
Amblyomma-americanum_evm.model.contig-76089-1.2	tr|A0A0G2JM87|A0A0G2JM87_HUMAN	0.7592865228652954
Amblyomma-americanum_evm.model.contig-76089-1.2	tr|A0A2R8YGQ5|A0A2R8YGQ5_HUMAN	0.5517464280128479
Amblyomma-americanum_evm.model.contig-76089-1.2	tr|A0A3B3ISL7|A0A3B3ISL7_HUMAN	0.6741492748260498
Amblyomma-americanum_evm.model.contig-76089-1.2	tr|A0A3B3ITW7|A0A3B3ITW7_HUMAN	0.7512778639793396
Amblyomma-americanum_evm.model.contig-76089-1.2	tr|A0A3B3ITY4|A0A3B3ITY4_HUMAN	0.7102816104888916
Amblyomma-americanum_evm.model.contig-76089-1.2	tr|A0A3B3ITZ8|A0A3B3ITZ8_HUMAN	0.6412632465362549
Amblyomma-americanum_evm.model.contig-76089-1.2	tr|A0A3B3IUC5|A0A3B3IUC5_HUMAN	0.5985419750213623
Amblyomma-americanum_evm.model.contig-76089-1.2	tr|A0A6Q8PGX3|A0A6Q8PGX3_HUMAN	0.7722271680831909
Amblyomma-americanum_evm.model.contig-76089-1.2	tr|H7BXL6|H7BXL6_HUMAN	0.6712606549263
Amblyomma-americanum_evm.model.contig-76089-1.2	tr|M0R1F0|M0R1F0_HUMAN	0.8500446677207947
Amblyomma-americanum_evm.model.contig-78294-1.1	sp|O95980|RECK_HUMAN	0.5871174335479736
Amblyomma-americanum_evm.model.contig-78294-1.1	sp|P01137|TGFB1_HUMAN	0.651802122592926
Amblyomma-americanum_evm.model.contig-78294-1.1	sp|P10415|BCL2_HUMAN	0.8734713792800903
Amblyomma-americanum_evm.model.contig-78294-1.1	sp|P30086|PEBP1_HUMAN	0.6977865695953369
Amblyomma-americanum_evm.model.contig-78294-1.1	sp|Q8IXL6|FA20C_HUMAN	0.8022304177284241
Amblyomma-americanum_evm.model.contig-78294-1.1	tr|A0A087WUD9|A0A087WUD9_HUMAN	0.5767393112182617
Amblyomma-americanum_evm.model.contig-78294-1.1	tr|A0A994J7K0|A0A994J7K0_HUMAN	0.5011636018753052
Amblyomma-americanum_evm.model.contig-78294-1.1	tr|E9PDL2|E9PDL2_HUMAN	0.5010011196136475
Amblyomma-americanum_evm.model.contig-78294-1.1	tr|E7ENM6|E7ENM6_HUMAN	0.8573482036590576
Amblyomma-americanum_evm.model.contig-8661-1.1	sp|A6NFA1|TIKI2_HUMAN	0.7825856804847717
Amblyomma-americanum_evm.model.contig-8661-1.1	sp|O15072|ATS3_HUMAN	0.5035097002983093
Amblyomma-americanum_evm.model.contig-8661-1.1	sp|P00736|C1R_HUMAN	0.7455485463142395
Amblyomma-americanum_evm.model.contig-8661-1.1	sp|P00738|HPT_HUMAN	0.593329131603241
Amblyomma-americanum_evm.model.contig-8661-1.1	sp|P01019|ANGT_HUMAN	0.6237479448318481
Amblyomma-americanum_evm.model.contig-8661-1.1	sp|P01375|TNFA_HUMAN	0.9314127564430237
Amblyomma-americanum_evm.model.contig-8661-1.1	sp|P03956|MMP1_HUMAN	0.6493014693260193
Amblyomma-americanum_evm.model.contig-8661-1.1	sp|P04637|P53_HUMAN	0.6638128161430359
Amblyomma-americanum_evm.model.contig-8661-1.1	sp|P05154|IPSP_HUMAN	0.7496752142906189
Amblyomma-americanum_evm.model.contig-8661-1.1	sp|P05156|CFAI_HUMAN	0.8586897253990173
Amblyomma-americanum_evm.model.contig-8661-1.1	sp|P05543|THBG_HUMAN	0.8577277064323425
Amblyomma-americanum_evm.model.contig-8661-1.1	sp|P05546|HEP2_HUMAN	0.734057605266571
Amblyomma-americanum_evm.model.contig-8661-1.1	sp|P07355|ANXA2_HUMAN	0.8568877577781677
Amblyomma-americanum_evm.model.contig-8661-1.1	sp|P08254|MMP3_HUMAN	0.9601559638977051
Amblyomma-americanum_evm.model.contig-8661-1.1	sp|P08603|CFAH_HUMAN	0.8599866032600403
Amblyomma-americanum_evm.model.contig-8661-1.1	sp|P09486|SPRC_HUMAN	0.7868532538414001
Amblyomma-americanum_evm.model.contig-8661-1.1	sp|P09871|C1S_HUMAN	0.8590714931488037
Amblyomma-americanum_evm.model.contig-8661-1.1	sp|P10323|ACRO_HUMAN	0.7618686556816101
Amblyomma-americanum_evm.model.contig-8661-1.1	sp|P10415|BCL2_HUMAN	0.7580476403236389
Amblyomma-americanum_evm.model.contig-8661-1.1	sp|P10721|KIT_HUMAN	0.5136045813560486
Amblyomma-americanum_evm.model.contig-8661-1.1	sp|P12644|BMP4_HUMAN	0.8255484104156494
Amblyomma-americanum_evm.model.contig-8661-1.1	sp|P16519|NEC2_HUMAN	0.9087574481964111
Amblyomma-americanum_evm.model.contig-8661-1.1	sp|P19440|GGT1_HUMAN	0.9699455499649048
Amblyomma-americanum_evm.model.contig-8661-1.1	sp|P19827|ITIH1_HUMAN	0.8352536559104919
Amblyomma-americanum_evm.model.contig-8661-1.1	sp|P22894|MMP8_HUMAN	0.5018871426582336
Amblyomma-americanum_evm.model.contig-8661-1.1	sp|P27487|DPP4_HUMAN	0.8588016629219055
Amblyomma-americanum_evm.model.contig-8661-1.1	sp|P29120|NEC1_HUMAN	0.9490540623664856
Amblyomma-americanum_evm.model.contig-8661-1.1	sp|P36269|GGT5_HUMAN	0.9730672240257263
Amblyomma-americanum_evm.model.contig-8661-1.1	sp|P39900|MMP12_HUMAN	0.9450958967208862
Amblyomma-americanum_evm.model.contig-8661-1.1	sp|P42658|DPP6_HUMAN	0.8594898581504822
Amblyomma-americanum_evm.model.contig-8661-1.1	sp|P56730|NETR_HUMAN	0.8595394492149353
Amblyomma-americanum_evm.model.contig-8661-1.1	sp|P78325|ADAM8_HUMAN	0.6863898634910583
Amblyomma-americanum_evm.model.contig-8661-1.1	sp|Q14703|MBTP1_HUMAN	0.7465783357620239
Amblyomma-americanum_evm.model.contig-8661-1.1	sp|Q16620|NTRK2_HUMAN	0.825415849685669
Amblyomma-americanum_evm.model.contig-8661-1.1	sp|Q5K4E3|POLS2_HUMAN	0.8594895005226135
Amblyomma-americanum_evm.model.contig-8661-1.1	sp|Q8IXL6|FA20C_HUMAN	0.7309037446975708
Amblyomma-americanum_evm.model.contig-8661-1.1	sp|Q96KP4|CNDP2_HUMAN	0.8581357002258301
Amblyomma-americanum_evm.model.contig-8661-1.1	sp|Q99972|MYOC_HUMAN	0.881990373134613
Amblyomma-americanum_evm.model.contig-8661-1.1	sp|Q9UK55|ZPI_HUMAN	0.8258668780326843
Amblyomma-americanum_evm.model.contig-8661-1.1	sp|Q9UQ80|PA2G4_HUMAN	0.8574420809745789
Amblyomma-americanum_evm.model.contig-8661-1.1	sp|Q7RTY7|OVCH1_HUMAN	0.8599036931991577
Amblyomma-americanum_evm.model.contig-8661-1.1	sp|Q8N475|FSTL5_HUMAN	0.511974036693573
Amblyomma-americanum_evm.model.contig-8661-1.1	sp|Q9H3G5|CPVL_HUMAN	0.503156304359436
Amblyomma-americanum_evm.model.contig-8661-1.1	tr|A0A0G2JIE7|A0A0G2JIE7_HUMAN	0.505731463432312
Amblyomma-americanum_evm.model.contig-8661-1.1	tr|A0A3B3ISR2|A0A3B3ISR2_HUMAN	0.7445884346961975
Amblyomma-americanum_evm.model.contig-8661-1.1	tr|B4DPQ0|B4DPQ0_HUMAN	0.9362717270851135
Amblyomma-americanum_evm.model.contig-8661-1.1	tr|E7ER44|E7ER44_HUMAN	0.6503795385360718
Amblyomma-americanum_evm.model.contig-8661-1.1	tr|F5H2D0|F5H2D0_HUMAN	0.5899142026901245
Amblyomma-americanum_evm.model.contig-8661-1.1	sp|G3V0H7|SO1B7_HUMAN	0.506856381893158
Amblyomma-americanum_evm.model.contig-8661-1.1	tr|H0Y3H6|H0Y3H6_HUMAN	0.8584461808204651
Amblyomma-americanum_evm.model.contig-8661-1.1	sp|Q8N3Z0|PRS35_HUMAN	0.8576787710189819
Amblyomma-americanum_evm.model.contig-8661-1.1	tr|A0A7I2V2R5|A0A7I2V2R5_HUMAN	0.8589402437210083
Amblyomma-americanum_evm.model.contig-8661-1.1	tr|A0A7I2V2X8|A0A7I2V2X8_HUMAN	0.858607292175293
Amblyomma-americanum_evm.model.contig-8661-1.1	tr|A0A7P0T8D1|A0A7P0T8D1_HUMAN	0.6237479448318481
Amblyomma-americanum_evm.model.contig-8661-1.1	tr|A0A7P0T9S6|A0A7P0T9S6_HUMAN	0.8153908252716064
Amblyomma-americanum_evm.model.contig-8661-1.1	tr|A0A7P0TA52|A0A7P0TA52_HUMAN	0.6637160778045654
Amblyomma-americanum_evm.model.contig-8661-1.1	tr|A0A7P0TBH1|A0A7P0TBH1_HUMAN	0.6082785129547119
Amblyomma-americanum_evm.model.contig-8661-1.1	tr|A0A994J7K0|A0A994J7K0_HUMAN	0.8593740463256836
Amblyomma-americanum_evm.model.contig-8661-1.1	tr|E7ETH0|E7ETH0_HUMAN	0.8587300777435303
Amblyomma-americanum_evm.model.contig-8661-1.1	tr|E9PDL2|E9PDL2_HUMAN	0.8592802882194519
Amblyomma-americanum_evm.model.contig-8661-1.1	tr|E9PF59|E9PF59_HUMAN	0.859358549118042
Amblyomma-americanum_evm.model.contig-8661-1.1	tr|E9PJH8|E9PJH8_HUMAN	0.6394957304000854
Amblyomma-americanum_evm.model.contig-8661-1.1	tr|G3XAM2|G3XAM2_HUMAN	0.8586434125900269
Amblyomma-americanum_evm.model.contig-8661-1.1	tr|M0R1F0|M0R1F0_HUMAN	0.8557971715927124
Amblyomma-americanum_evm.model.contig-94090-1.4	sp|O75385|ULK1_HUMAN	0.8579381108283997
Amblyomma-americanum_evm.model.contig-94090-1.4	sp|O95980|RECK_HUMAN	0.782644510269165
Amblyomma-americanum_evm.model.contig-94090-1.4	sp|P00738|HPT_HUMAN	0.8594797253608704
Amblyomma-americanum_evm.model.contig-94090-1.4	sp|P01137|TGFB1_HUMAN	0.799716055393219
Amblyomma-americanum_evm.model.contig-94090-1.4	sp|P03956|MMP1_HUMAN	0.938037097454071
Amblyomma-americanum_evm.model.contig-94090-1.4	sp|P04637|P53_HUMAN	0.6788056492805481
Amblyomma-americanum_evm.model.contig-94090-1.4	sp|P08254|MMP3_HUMAN	0.9628964066505432
Amblyomma-americanum_evm.model.contig-94090-1.4	sp|P09238|MMP10_HUMAN	0.9628929495811462
Amblyomma-americanum_evm.model.contig-94090-1.4	sp|P12644|BMP4_HUMAN	0.958004355430603
Amblyomma-americanum_evm.model.contig-94090-1.4	sp|P14210|HGF_HUMAN	0.787685215473175
Amblyomma-americanum_evm.model.contig-94090-1.4	sp|P14384|CBPM_HUMAN	0.9374186396598816
Amblyomma-americanum_evm.model.contig-94090-1.4	sp|P16519|NEC2_HUMAN	0.8574072122573853
Amblyomma-americanum_evm.model.contig-94090-1.4	sp|P19883|FST_HUMAN	0.7450541853904724
Amblyomma-americanum_evm.model.contig-94090-1.4	sp|P22894|MMP8_HUMAN	0.5360909700393677
Amblyomma-americanum_evm.model.contig-94090-1.4	sp|P26927|HGFL_HUMAN	0.5857470035552979
Amblyomma-americanum_evm.model.contig-94090-1.4	sp|P27487|DPP4_HUMAN	0.9061760902404785
Amblyomma-americanum_evm.model.contig-94090-1.4	sp|P29120|NEC1_HUMAN	0.9738812446594238
Amblyomma-americanum_evm.model.contig-94090-1.4	sp|P39900|MMP12_HUMAN	0.8624390959739685
Amblyomma-americanum_evm.model.contig-94090-1.4	sp|P45452|MMP13_HUMAN	0.962875485420227
Amblyomma-americanum_evm.model.contig-94090-1.4	sp|P78325|ADAM8_HUMAN	0.5064586400985718
Amblyomma-americanum_evm.model.contig-94090-1.4	sp|Q04206|TF65_HUMAN	0.7114553451538086
Amblyomma-americanum_evm.model.contig-94090-1.4	sp|Q13114|TRAF3_HUMAN	0.9129632711410522
Amblyomma-americanum_evm.model.contig-94090-1.4	sp|Q8N8U9|BMPER_HUMAN	0.6351081132888794
Amblyomma-americanum_evm.model.contig-94090-1.4	sp|Q92844|TANK_HUMAN	0.5090254545211792
Amblyomma-americanum_evm.model.contig-94090-1.4	sp|Q96KP4|CNDP2_HUMAN	0.859717607498169
Amblyomma-americanum_evm.model.contig-94090-1.4	sp|Q99972|MYOC_HUMAN	0.8544728755950928
Amblyomma-americanum_evm.model.contig-94090-1.4	sp|Q9H2R5|KLK15_HUMAN	0.8093663454055786
Amblyomma-americanum_evm.model.contig-94090-1.4	tr|G3XAK1|G3XAK1_HUMAN	0.5889973640441895
Amblyomma-americanum_evm.model.contig-94090-1.4	tr|A0A6Q8PFN2|A0A6Q8PFN2_HUMAN	0.5277366042137146
Amblyomma-americanum_evm.model.contig-94090-1.4	tr|A0A7I2V2R5|A0A7I2V2R5_HUMAN	0.8999643325805664
Amblyomma-americanum_evm.model.contig-94090-1.4	tr|A0A7I2V2X8|A0A7I2V2X8_HUMAN	0.9178063869476318
Amblyomma-americanum_evm.model.contig-94090-1.4	tr|A0A7P0T9S6|A0A7P0T9S6_HUMAN	0.7143071889877319
Amblyomma-americanum_evm.model.contig-94090-1.4	tr|A0A7P0TA52|A0A7P0TA52_HUMAN	0.7440996766090393
Amblyomma-americanum_evm.model.contig-94090-1.4	tr|E9PPV6|E9PPV6_HUMAN	0.650634229183197
Amblyomma-americanum_evm.model.contig-94090-1.4	tr|A0A0G2JM87|A0A0G2JM87_HUMAN	0.5892925262451172
Amblyomma-americanum_evm.model.contig-94090-1.4	tr|A0A3B3ISL7|A0A3B3ISL7_HUMAN	0.5081212520599365
Amblyomma-americanum_evm.model.contig-94090-1.4	tr|A0A3B3ITY4|A0A3B3ITY4_HUMAN	0.6073254942893982
Amblyomma-americanum_evm.model.contig-94090-1.4	tr|A0A3B3ITZ8|A0A3B3ITZ8_HUMAN	0.5445671081542969
Amblyomma-americanum_evm.model.contig-94090-1.4	tr|A0A6Q8PGX3|A0A6Q8PGX3_HUMAN	0.6310286521911621
Amblyomma-americanum_evm.model.contig-94090-1.4	tr|C9JV37|C9JV37_HUMAN	0.5552263259887695
Amblyomma-americanum_evm.model.contig-94090-1.4	tr|H7BXL6|H7BXL6_HUMAN	0.8473029732704163
Amblyomma-americanum_evm.model.contig-94090-1.4	tr|M0R1F0|M0R1F0_HUMAN	0.8586035370826721
